                   |                  |         |                         |
AliceMC10:          Matra Alice 4k
Altair8800:         MITS Altair 8800
Amstrad:            Amst. CPC 664/6128
Amstrad-PCW:        Amstrad PCW
ao486:              IBM PC (486SX)
Apogee:             Apogee BK-01
Apple-I:            Apple I
Apple-II:           Apple IIe
Aquarius:           Mattel Aquarius
Arcadia:            Emerson Arcadia
                   |                  |         |                         |
Archie:             Acorn Archimedes
Atari800:           Atari 800XL/...
AtariST:            Atari ST/STE
AcornAtom:          Acorn Atom
BBCMicro:           BBC Micro/Master
BK0011M:            Elec. BK-0011M
C16:                Comm. 16 & Plus/4
C64:                Comm. 64
ChannelF:           Fair. Channel F
CoCo2:              Dragon 32
                   |                  |         |                         |
CoCo3:              Tandy TRS-80 CoCo3
EDSAC:              EDSAC
AcornElectron:      Acorn Electron
F68kMiSTer:         Sharp X68000
Galaksija:          Galaksija
Interact:           Interact
Jupiter:            Jupiter Ace
KC87:               Robotron KC 87
Laser310:           VTech Laser 350
lynx48:             Camp. Lynx 48/96K
                   |                  |         |                         |
MacPlus:            Apple Mac Plus
Memotech-MTX:       Memotech MTX
Minimig:            Comm. Amiga
mister_coco:        Tandy TRS-80 CoCo3
MSX:                MSX
MultiComp:          MultiComp Z80/...
Ondra_SPO186:       Tesla Ondra
ORAO:               Velebit Orao
Oric:               Oric-1/Atmos
PC88:               NEC PC-8800
                   |                  |         |                         |
PDP1:               DEC PDP-1
PET2001:            Comm. PET 2001
PMD85:              Tesla PMD 85-2A
QL:                 Sinc. QL
RX78:               Bandai RX-78
SAMCoupe:           SAM Coupe
SharpMZ:            Sharp MZ Series
Specialist:         Specialist/MX
SordM5:             CGL M5
SS:                 Sun SparcStation
                   |                  |         |                         |
Svi328:             Spec. SV-328
TatungEinstein:     Tatung Einstein
Ti994a:             Texa. TI-99/4A
TRS-80:             Tandy TRS-80
TSConf:             ZX Evo. TS-Config
UK101:              Compukit UK101
Vector-06C:         Vector-06C
VIC20:              Comm. VIC-20
X68000:             Sharp X68000
zet98:              NEC PC-9800
                   |                  |         |                         |
ZX-Spectrum:        Sinc. ZX Spectrum
zx48:               Sinc. ZX48
ZX81:               Sinc. ZX81
ZXNext:             ZX Spectrum Next
Astrocade:          Bally Astrocade
Atari2600:          Atari 2600 (Old)
Atari5200:          Atari 5200
Atari7800:          Atari 2600/7800
AtariLynx:          Atari Lynx
AY-3-8500:          GI Pong AY-3-8500
                   |                  |         |                         |
C2650:              Arcadia 2001
ColecoVision:       ColecoVision
Gameboy:            Nint. GB / GBC
Gameboy2P:          Nint. GB / GBC 2P
Gameboy2Pultrawide: Nint. GB / GBC 2PW
GBA:                Nint. GBA
GBA2P:              Nint. GBA 2 Player
Genesis:            SEGA Mega Drive
Genesis3D:          SEGA Mega Drive 3D
GnW:                Nint. Game & Watch
                   |                  |         |                         |
Intellivision:      Mattel Intelliv.
Intv:               Mattel Intelliv.
Jaguar:             Atari Jaguar
MegaCD:             SEGA Mega-CD
NeoGeo:             SNK Neo Geo
NES:                Nint. NES
NES3D:              Nint. NES 3D
Odyssey2:           Philips Videopac
PICO:               SEGA Pico
PSX:                Sony PlayStation
                   |                  |         |                         |
Saturn:             Sega Saturn
SMS:                SEGA Master System
SMS3D:              SEGA Master Sys 3D
SNES:               Nint. Super NES
TurboGrafx16:       NEC PC Engine/CD
VC4000:             Interton VC 4000
Vectrex:            GCE Vectrex
WonderSwan:         Bandai WonderSwan
EpochGalaxyII:      Epoch Galaxy II
TomyScramble:       Tomy Scramble
                   |                  |         |                         |
Arduboy:            Arduboy
Chess:              Chess
Chip8:              CHIP-8
FlappyBird:         Flappy Bird
GameOfLife:         Game of Life
Hack:               Nand2Tetris Hack
mandelbrot:         Mandelbrot Zoom
SuperJacob:         Super Jacob
ADCTest:            ADC Input Test
InputTest:          Gamepad Input Test
                   |                  |         |                         |
jtsdram48:          SDRAM Test 48 MHz
jtsdram96:          SDRAM Test 96 MHz
memtest:            SDRAM Test
Gameboy_LLAPI:      Nint. GB/C #LLAPI
GBA_LLAPI:          Nint. GBA #LLAPI
Genesis_LLAPI:      SEGA MD #LLAPI
MegaCD_LLAPI:       SEGA MegaCD #LLAPI
NeoGeo_LLAPI:       SNK Neo Geo #LLAPI
NES_LLAPI:          Nint. NES #LLAPI
Pacman_LLAPI:       Pac-Man #LLAPI
                   |                  |         |                         |
SMS_LLAPI:          SEGA MS #LLAPI
SNES_LLAPI:         Nint. SNES #LLAPI
TurboGrafx16_LLAPI: NEC TGFX16 #LLAPI










                   |                  |         |                         |
Arkanoid:           Taito - Arkanoid
Asteroids:          Atari - Asteroids
AsteroidsDeluxe:    Atari - Astero. DX
AtariTetris:        Atari - Tetris
Bagman:             Valad.- Bagman
Berzerk:            Stern - Berzerk
BlackWidow:         Atari - Black Widow
BombJack:           Tehkan - Bomb Jack
breakout:           Atari - Breakout
BurgerTime:         Data E.- Burger Time
                   |                  |         |                         |
BurningRubber:      Data E.- Burnin' Rubber
CanyonBomber:       Atari - Canyon Bomber
Centipede:          Atari - Centipede
ComputerSpace:      Syzygy - Comp. Space
CosmicAvenger:      Univer - Cosmic Avenger
CrazyBalloon:       Taito - Crazy Balloon
CrazyClimber:       Nichi.- Crazy Climber
CrazyKong:          Falcon - Crazy Kong
Defender:           Willi.- Defender
DigDug:             Namco - Dig Dug
                   |                  |         |                         |
Dominos:            Atari - Dominos
DonkeyKong:         Nint.- Donkey Kong
DonkeyKong3:        Nint.- Donkey Kong 3
DonkeyKongJunior:   Nint.- Donkey Kong Jr.
Dorodon:            UPL Co. - Dorodon
DottoriKun:         SEGA - Dottori-kun
Druaga:             Namco - Druaga
Finalizer:          Konami - Finalizer
FoodFight:          GCC - Charley Chuck's Food Fight
Frenzy:             Stern - Frenzy
                   |                  |         |                         |
Galaga:             Namco - Galaga
Galaxian:           Namco - Galaxian
Gaplus:             Namco - Gaplus
Gauntlet:           Atari - Gauntlet
GnG:                Capcom - GnG (old)
Gyruss:             Konami - Gyruss
IremM62:            Irem M62
IronHorse:          Konami - Iron Horse
jailbreak:          Konami - Jail Break
jt1942:             Capcom - 1942
                   |                  |         |                         |
jt1943:             Capcom - 1943: The Battle of Midway
jtbiocom:           Capcom - Bionic Commando
jtbtiger:           Capcom - Black Tiger
jtbubl:             Taito - Bubble Bobble
jtcommando:         Capcom - Commando
jtcomsc:            Konami - Combat School
jtcontra:           Konami - Gryzor
jtcop:              Data East - RoboCop
jtcps1:             Capcom CPS-1
jtcps15:            Capcom CPS-1.5
                   |                  |         |                         |
jtcps2:             Capcom CPS-2
jtdd2:              Technos - DD 2
jtdd:               Technos - DD
jtexed:             Capcom - Exed Exes
jtf1dream:          Capcom - F-1 Dream
jtflane:            Capcom - Fast Lane
jtgng:              Capcom - Ghosts 'n Goblins
jtgunsmoke:         Capcom - Gun.Smoke
jthige:             Capcom - Pirate Ship Higemaru
jtkicker:           Konami - Shao-Lin's Road
                   |                  |         |                         |
jtlabrun:           Konami - Labyrinth Runner
jtmx5k:             Konami - MX5000
jtmikie:            Konami - Mikie
jtninja:            Data East - DragonNinja
jtrumble:           Capcom - The Speed Rumbler
jtsarms:            Capcom - Hyper Dyne Side Arms
jtsf:               Capcom - Street Fighter
jtsectionz:         Capcom - Section Z
jts16:              SEGA System 16
jts16a2:            SEGA System 16A2
                   |                  |         |                         |
jts16b1:            SEGA System 16B1
jts16b2:            SEGA System 16B2
jts16b3:            SEGA System 16B3
jts16b:             SEGA System 16B
jtsbask1:           jtsbaskI:18_Common_JP
jtsbaskt:           jtsbaskl:18_Common_EU
jttora:             Capcom - Tiger Road
jttrojan:           Capcom - Trojan
jtvulgus:           Capcom - Vulgus
jtyiear:            Konami - Yie Ar Kung-Fu
                   |                  |         |                         |
LadyBug:            Universal - Lady Bug
LunarLander:        Atari - Lunar Lander
MarioBros:          Nint.- Mario Bros
Master System:      MasterSystem:18_Common_EU
MCR1:               Bally MCR-1
MCR2:               Bally MCR-2
MCR3:               Bally MCR-3
MCR3Mono:           Bally MCR-3 Mono.
MCR3Scroll:         Bally MCR-3 Scroll
MoonPatrol:         Irem - Moon Patrol
                   |                  |         |                         |
MrDo:               Univer - Mr. Do!
NinjaKun:           UPL - Ninja Kun
Pacman:             Namco - Pac-Man
Pengo:              Coreland - Pengo
PenguinKunWars:     UPL - Penguin-Kun Wars
Phoenix:            Centuri - Phoenix
Pleiads:            Centuri - Pleiades
PolyPlay:           VOB - Poly Play
Pong:               Atari - Pong
Pooyan:             Stern - Electronics Pooyan
                   |                  |         |                         |
Popeye:             Nint.- Popeye
QBert:              Gottl.- Q'Bert
RallyX:             Namco - Rally-X
RiverPatrol:        Orca - River Patrol
Robotron:           Vid Kidz - Robotron: 1984
RshnAtk:            Konami - Green Beret
ScooterShooter:     Konami - Scooter Shooter
Scramble:           Konami - Scramble
SEGASYS1:           SEGA System 1
SilverLand:         Falcon - Silver Land
                   |                  |         |                         |
SnapJack:           Universal - Snap Jack
SolomonsKey:        Tecmo - Solomon's Key
SpaceRace:          Atari - Space Race
SpaceInvaders:      Taito - Space Invaders
Sprint1:            Atari - Sprint 1
Sprint2:            Atari - Sprint 2
Subs:               Atari - Subs
SuperBreakout:      Atari - Super Breakout
Tecmo:              Tecmo 1st Gen
TIAMC1:             Ekst.- TIA-MC-1
                   |                  |         |                         |
TimePilot:          Konami - Time Pilot
TimePilot84:        Konami - Time Pilot
TraverseUSA:        Irem - Traverse USA
Ultratank:          Kee Games - Ultra Tank
VBall:              Technos - V'Ball
Xevious:            Namco - Xevious
zaxxon:             SEGA - Zaxxon
ZigZag:             LAX - Zig Zag
